"category","subcategory","ID","Description","GeneRatio","BgRatio","pvalue","p.adjust","qvalue","geneID","Count"
"Organismal Systems","Immune system","hsa04621","NOD-like receptor signaling pathway","41/440","189/9434",4.55638139915046e-17,1.44892928492985e-14,1.04077343538489e-14,"BIRC3/TP53BP1/CXCL2/P2RX7/OAS1/NFKBIA/PLCB4/RIPK2/NAMPT/NOD1/CCL2/NFKB1/MAPK10/PANX1/BIRC2/STAT1/GBP3/GBP1/TNFAIP3/IL1B/TICAM1/IL6/TANK/TXN/CASP1/CASP5/NLRP12/GBP5/JAK1/GBP2/GBP4/ANTXR2/AIM2/CXCL3/CXCL8/STAT2/BCL2L1/RELA/CASP4/TNF/CARD18",41
"Environmental Information Processing","Signal transduction","hsa04668","TNF signaling pathway","31/440","119/9434",1.57171226697689e-15,2.49902250449325e-13,1.79506085228413e-13,"CFLAR/BIRC3/TNFRSF1B/MAP2K3/TRAF1/BCL3/PTGS2/CXCL2/NFKBIA/MMP9/MAP3K8/CCL2/NFKB1/MAPK10/BIRC2/CCL20/TNFAIP3/CXCL6/IL1B/RHBDF2/IL6/MMP14/CXCL3/IL15/CASP3/MAP2K1/RELA/CSF1/SOCS3/MAP3K5/TNF",31
"Environmental Information Processing","Signal transduction","hsa04064","NF-kappa B signaling pathway","27/440","105/9434",1.5640369540052e-13,1.65787917124551e-11,1.19086322462852e-11,"CFLAR/BIRC3/TRAF1/PTGS2/NFKB2/CXCL2/NFKBIA/CD40/TNFSF13B/RELB/RIGI/NFKB1/BIRC2/TNFAIP3/TRIM25/IL1B/TNFSF14/TICAM1/BCL2A1/CXCL3/CXCL8/BCL2L1/RELA/TNF/LYN/CCL4/CCL4L2",27
"Human Diseases","Infectious disease: viral","hsa05168","Herpes simplex virus 1 infection","34/440","182/9434",2.34508939422486e-12,1.86434606840877e-10,1.33916946985999e-10,"CD74/BIRC3/EIF2AK2/SP100/PILRA/OAS1/JAK2/NFKBIA/ZC3HAV1/RIGI/CCL2/NFKB1/BIRC2/IFIH1/STAT1/IL1B/TNFSF14/TICAM1/NECTIN2/IL6/TLR2/PML/JAK1/CASP3/B2M/STAT2/BCL2L1/RELA/SOCS3/SRC/MTOR/TAPBP/TNF/ITGB3",34
"Human Diseases","Cardiovascular disease","hsa05417","Lipid and atherosclerosis","34/440","216/9434",3.14817758251084e-10,1.73212629071531e-08,1.24419531640259e-08,"MAP2K3/CXCL2/JAK2/XBP1/NFKBIA/MMP9/CD40/PLCB4/CCL2/NFKB1/MAPK10/PPP3CC/TNFSF10/IL1B/RAP1B/TICAM1/IL6/TANK/TLR2/CASP1/NCF1/CALM3/VAV2/CXCL3/CASP3/STAT3/CXCL8/BCL2L1/RELA/SRC/MAP3K5/TNF/LYN/SOD2",34
"Human Diseases","Infectious disease: viral","hsa05164","Influenza A","30/440","173/9434",3.26816281267039e-10,1.73212629071531e-08,1.24419531640259e-08,"EIF2AK2/OAS1/JAK2/NFKBIA/RIGI/CCL2/NFKB1/IL1A/IFIH1/STAT1/TRIM25/TNFSF10/IL1B/TICAM1/RSAD2/IL6/CASP1/PML/MX1/ADAR/FDPS/JAK1/CASP3/MAP2K1/CXCL8/STAT2/RELA/MX2/SOCS3/TNF",30
"Human Diseases","Infectious disease: viral","hsa05162","Measles","26/440","139/9434",9.44793997630997e-10,4.29206416066653e-08,3.08301199226957e-08,"EIF2AK2/OAS1/NFKBIA/JAK3/RIGI/NFKB1/MAPK10/IL1A/IFIH1/STAT1/SLAMF1/TNFAIP3/IL1B/STAT5A/IL2RA/IL6/TLR2/MX1/ADAR/JAK1/CASP3/STAT3/STAT2/BCL2L1/RELA/MX2",26
"Environmental Information Processing","Signaling molecules and interaction","hsa04060","Cytokine-cytokine receptor interaction","40/440","298/9434",1.14579351830221e-09,4.55452923525128e-08,3.27154201936289e-08,"TNFRSF1B/TNFRSF9/IL4R/CXCL2/CSF2RB/CD40/TNFSF13B/IL7/EBI3/CCL2/CCL1/IL10RA/IL1A/CCL20/TNFSF10/INHBA/CXCL6/IL1B/TNFSF9/CD70/TNFSF14/CCR7/IL2RA/IL15RA/IL6/IL10/IL1RN/IL36A/CXCL3/IL15/IL7R/CXCL8/TNFSF15/CSF1/IL3RA/TNFRSF18/IL27/TNF/CCL4/CCL4L2",40
"Organismal Systems","Immune system","hsa04062","Chemokine signaling pathway","30/440","193/9434",4.89392455840867e-09,1.7291866773044e-07,1.24208377681249e-07,"ROCK1/CXCL2/JAK2/NFKBIA/PLCB4/HCK/JAK3/CCL2/CCL1/NFKB1/CCL20/STAT1/FOXO3/CXCL6/CCR7/RAP1B/GNGT1/NCF1/VAV2/ADCY9/CXCL3/STAT3/MAP2K1/CXCL8/STAT2/RELA/SRC/LYN/CCL4/CCL4L2",30
"Organismal Systems","Immune system","hsa04625","C-type lectin receptor signaling pathway","21/440","105/9434",1.15984778934584e-08,3.68831597011977e-07,2.64933652934787e-07,"BCL3/PTGS2/NFKB2/NFKBIA/RELB/NFKB1/MAPK10/STAT1/PPP3CC/IL1B/MDM2/IL6/IL10/CASP1/CALM3/CLEC4E/STAT2/RELA/SRC/CLEC6A/TNF",21
"Human Diseases","Cancer: overview","hsa05235","PD-L1 expression and PD-1 checkpoint pathway in cancer","19/440","90/9434",2.30564948638156e-08,6.16446423379734e-07,4.4279666955777e-07,"MAP2K3/JAK2/HIF1A/NFKBIA/NFKB1/STAT1/CD274/PPP3CC/BATF3/TICAM1/TLR2/NFKBIE/BATF/JAK1/BATF2/STAT3/MAP2K1/RELA/MTOR",19
"Organismal Systems","Immune system","hsa04659","Th17 cell differentiation","21/440","109/9434",2.32621291841409e-08,6.16446423379734e-07,4.4279666955777e-07,"IL4R/JAK2/HIF1A/NFKBIA/EBI3/JAK3/NFKB1/MAPK10/STAT1/PPP3CC/IL1B/STAT5A/IL2RA/IL6/NFKBIE/RUNX1/JAK1/STAT3/RELA/IL27/MTOR",21
"Environmental Information Processing","Signal transduction","hsa04630","JAK-STAT signaling pathway","26/440","168/9434",5.82813618886046e-08,1.42565177542894e-06,1.02405307933823e-06,"IL4R/JAK2/CSF2RB/IL7/JAK3/IL10RA/STAT1/STAT5A/IL2RA/IL15RA/IL6/IL10/PIM1/STAT4/MCL1/JAK1/IL15/STAT3/IL7R/STAT2/BCL2L1/PTPN2/SOCS3/IL3RA/IL27/MTOR",26
"Human Diseases","Infectious disease: viral","hsa05169","Epstein-Barr virus infection","29/440","204/9434",6.83849847014658e-08,1.55331608107615e-06,1.11575501355023e-06,"VIM/CD44/MAP2K3/EIF2AK2/NFKB2/OAS1/NFKBIA/CD40/RELB/JAK3/RIGI/NFKB1/MAPK10/STAT1/TNFAIP3/MDM2/IL6/TLR2/NFKBIE/JAK1/CASP3/B2M/STAT3/STAT2/RELA/NCOR2/TAPBP/TNF/LYN",29
"Human Diseases","Infectious disease: viral","hsa05167","Kaposi sarcoma-associated herpesvirus infection","28/440","196/9434",1.04080701244696e-07,2.20651086638754e-06,1.58494822246308e-06,"EIF2AK2/PTGS2/CXCL2/JAK2/HIF1A/NFKBIA/HCK/NFKB1/MAPK10/VEGFA/STAT1/PPP3CC/TICAM1/GNGT1/ZFP36/IL6/CALM3/JAK1/CXCL3/CASP3/STAT3/MAP2K1/CXCL8/STAT2/RELA/SRC/MTOR/LYN",28
"Organismal Systems","Immune system","hsa04620","Toll-like receptor signaling pathway","20/440","109/9434",1.18025115025247e-07,2.34574916112679e-06,1.68496381318939e-06,"MAP2K3/NFKBIA/CD40/MAP3K8/NFKB1/MAPK10/STAT1/CD80/IL1B/TICAM1/IL6/TLR2/JAK1/MAP2K1/CXCL8/STAT2/RELA/TNF/CCL4/CCL4L2",20
"Environmental Information Processing","Signaling molecules and interaction","hsa04061","Viral protein interaction with cytokine and cytokine receptor","19/440","100/9434",1.37795318901852e-07,2.57758302416406e-06,1.85149128183913e-06,"TNFRSF1B/CXCL2/CCL2/CCL1/IL10RA/CCL20/TNFSF10/CXCL6/TNFSF14/CCR7/IL2RA/IL6/IL10/CXCL3/CXCL8/CSF1/TNF/CCL4/CCL4L2",19
"Human Diseases","Cardiovascular disease","hsa05418","Fluid shear stress and atherosclerosis","23/440","142/9434",1.46804367864087e-07,2.59354383226554e-06,1.86295601324602e-06,"KEAP1/MMP2/MMP9/CCL2/NFKB1/MAPK10/VEGFA/IL1A/DUSP1/SDC4/IL1B/CTSL/TXN/GSTO1/NCF1/CALM3/SQSTM1/NPPC/RELA/SRC/MAP3K5/TNF/ITGB3",23
"Human Diseases","Infectious disease: parasitic","hsa05145","Toxoplasmosis","20/440","112/9434",1.88094992409157e-07,3.04155368294869e-06,2.1847638172786e-06,"ALOX5/BIRC3/MAP2K3/JAK2/NFKBIA/CD40/NFKB1/MAPK10/IL10RA/BIRC2/STAT1/IL10/TLR2/JAK1/CASP3/STAT3/BCL2L1/RELA/LAMB3/TNF",20
"Human Diseases","Infectious disease: viral","hsa05163","Human cytomegalovirus infection","30/440","226/9434",1.91292684462181e-07,3.04155368294869e-06,2.1847638172786e-06,"ROCK1/PTGS2/NFKBIA/PLCB4/CCL2/NFKB1/IL10RA/VEGFA/PPP3CC/PTGER2/IL1B/GNGT1/MDM2/IL6/CALM3/ADCY9/JAK1/CASP3/B2M/STAT3/MAP2K1/CXCL8/RELA/SRC/MTOR/TAPBP/TNF/ITGB3/CCL4/CCL4L2",30
"Cellular Processes","Cell growth and death","hsa04217","Necroptosis","24/440","159/9434",3.0659213189941e-07,4.45366673704483e-06,3.19909196272336e-06,"CFLAR/BIRC3/EIF2AK2/JAK2/JAK3/MAPK10/BIRC2/IL1A/STAT1/TNFAIP3/TNFSF10/ZBP1/IL1B/STAT5A/TICAM1/CASP1/STAT4/SQSTM1/JAK1/FTH1/STAT3/STAT2/H2AC6/TNF",24
"Organismal Systems","Immune system","hsa04657","IL-17 signaling pathway","18/440","95/9434",3.08115308852158e-07,4.45366673704483e-06,3.19909196272336e-06,"PTGS2/CXCL2/NFKBIA/MMP9/CCL2/NFKB1/MAPK10/CCL20/TNFAIP3/CXCL6/IL1B/IL6/S100A9/CXCL3/CASP3/CXCL8/RELA/TNF",18
"Human Diseases","Infectious disease: bacterial","hsa05133","Pertussis","16/440","78/9434",4.55004516940157e-07,6.29093201682477e-06,4.51880916137364e-06,"NOD1/NFKB1/MAPK10/IL1A/CXCL6/IL1B/TICAM1/IL6/IL10/CASP1/IRF8/CALM3/CASP3/CXCL8/RELA/TNF",16
"Human Diseases","Infectious disease: viral","hsa05161","Hepatitis B","24/440","163/9434",4.90476385551392e-07,6.49881210855594e-06,4.66813051160755e-06,"MAP2K3/JAK2/NFKBIA/MMP9/JAK3/RIGI/NFKB1/MAPK10/IFIH1/STAT1/STAT5A/TICAM1/IL6/TLR2/STAT4/JAK1/CASP3/STAT3/MAP2K1/CXCL8/STAT2/RELA/SRC/TNF",24
"Organismal Systems","Endocrine system","hsa04920","Adipocytokine signaling pathway","15/440","70/9434",5.75143425681265e-07,7.31582437466569e-06,5.25499466832987e-06,"TNFRSF1B/ACSL4/JAK2/NFKBIA/PRKAG2/NFKB1/MAPK10/NFKBIE/ACSL1/STAT3/RELA/SOCS3/ACSL5/MTOR/TNF",15
"Human Diseases","Endocrine and metabolic disease","hsa04933","AGE-RAGE signaling pathway in diabetic complications","18/440","101/9434",7.9823778786118e-07,9.76306217460981e-06,7.0128582982136e-06,"MMP2/JAK2/PLCB4/CCL2/NFKB1/MAPK10/VEGFA/IL1A/STAT1/IL1B/STAT5A/IL6/PIM1/CASP3/STAT3/CXCL8/RELA/TNF",18
"Human Diseases","Infectious disease: bacterial","hsa05134","Legionellosis","13/440","56/9434",1.24641970947807e-06,1.4680054356075e-05,1.05447593355454e-05,"NFKB2/CXCL2/NFKBIA/NFKB1/IL1B/IL6/TLR2/CASP1/CXCL3/CASP3/CXCL8/RELA/TNF",13
"Human Diseases","Immune disease","hsa05323","Rheumatoid arthritis","17/440","95/9434",1.52373534940172e-06,1.73052800396338e-05,1.24304725872245e-05,"CXCL2/TNFSF13B/CCL2/VEGFA/IL1A/CCL20/CD80/CXCL6/IL1B/CTSL/IL6/TLR2/CXCL3/IL15/CXCL8/CSF1/TNF",17
"Organismal Systems","Development and regeneration","hsa04380","Osteoclast differentiation","21/440","143/9434",2.67074092216049e-06,2.92860556292081e-05,2.10363259567632e-05,"NFKB2/NFKBIA/RELB/LILRB1/NFKB1/MAPK10/IL1A/STAT1/PPP3CC/IL1B/NCF1/SQSTM1/JAK1/MAP2K1/STAT2/RELA/CSF1/SOCS3/LILRB4/TNF/ITGB3",21
"Organismal Systems","Immune system","hsa04640","Hematopoietic cell lineage","17/440","100/9434",3.18491148158203e-06,3.37600617047695e-05,2.42500277720456e-05,"CD38/CD44/TFRC/IL4R/IL7/IL1A/IL1B/IL2RA/IL6/KIT/ANPEP/IL7R/CSF1/IL3RA/CD55/TNF/ITGB3",17
"Organismal Systems","Immune system","hsa04622","RIG-I-like receptor signaling pathway","14/440","72/9434",4.66590132522631e-06,4.78631168200635e-05,3.43803255542992e-05,"OTUD5/NFKBIA/RIGI/DHX58/NFKB1/MAPK10/IFIH1/TRIM25/ZNFX1/TANK/ADAR/CXCL8/RELA/TNF",14
"Human Diseases","Cancer: specific types","hsa05221","Acute myeloid leukemia","13/440","68/9434",1.23996067767122e-05,0.000123221092343578,8.85103510048207e-05,"PIM2/NFKB1/STAT5A/PIM1/BCL2A1/PML/KIT/RUNX1/STAT3/MAP2K1/RELA/JUP/MTOR",13
"Cellular Processes","Cell growth and death","hsa04210","Apoptosis","19/440","137/9434",1.84956818155755e-05,0.000178231115677364,0.000128024336650076,"CFLAR/BIRC3/TRAF1/CSF2RB/NFKBIA/NFKB1/MAPK10/BIRC2/TNFSF10/CTSL/BCL2A1/MCL1/CASP3/MAP2K1/BCL2L1/RELA/IL3RA/MAP3K5/TNF",19
"Human Diseases","Cancer: overview","hsa05202","Transcriptional misregulation in cancer","24/440","201/9434",2.0463965535128e-05,0.000191398265887374,0.000137482369075008,"ETV7/BIRC3/TRAF1/CDK14/MMP9/CD40/DOT1L/NFKB1/BIRC2/BCL6/RUNX2/MDM2/IL6/BCL2A1/PML/NFKBIZ/RUNX1/REL/PBX3/CXCL8/BCL2L1/RELA/JUP/SUPT3H",24
"Organismal Systems","Immune system","hsa04658","Th1 and Th2 cell differentiation","15/440","93/9434",2.32091450119853e-05,0.00021087166039461,0.000151470209551904,"IL4R/JAK2/NFKBIA/JAK3/NFKB1/MAPK10/STAT1/PPP3CC/STAT5A/IL2RA/STAT4/NFKBIE/JAK1/RELA/MAML2",15
"Human Diseases","Cancer: overview","hsa05203","Viral carcinogenesis","24/440","205/9434",2.84218546845518e-05,0.000251059716380208,0.000180337499021864,"MAD1L1/HDAC9/EIF2AK2/TRAF1/SP100/NFKB2/NFKBIA/VAC14/JAK3/HPN/NFKB1/STAT5A/MDM2/H4C8/JAK1/REL/CASP3/STAT3/RELA/H2BC4/SRC/H2BC18/LYN/H2BC8",24
"Cellular Processes","Transport and catabolism","hsa04148","Efferocytosis","20/440","157/9434",3.95555385165142e-05,0.000339963817520311,0.000244197776901382,"ALOX5/PTGS2/JAK2/HIF1A/LIPA/PANX1/DUSP16/DUSP4/PTGER2/ATP8A2/IL10/CASP1/DUSP5/MERTK/DUSP2/CASP3/MAP2K1/GPR132/CD47/ITGB3",20
"Human Diseases","Infectious disease: viral","hsa05166","Human T-cell leukemia virus 1 infection","25/440","224/9434",4.36922274101066e-05,0.000365634955695103,0.000262637488864076,"MAD1L1/NFKB2/NFKBIA/CD40/VAC14/RELB/JAK3/NFKB1/MAPK10/PPP3CC/STAT5A/ZFP36/IL2RA/IL15RA/IL6/ETS2/FDPS/ADCY9/JAK1/IL15/B2M/MAP2K1/BCL2L1/RELA/TNF",25
"Human Diseases","Immune disease","hsa05321","Inflammatory bowel disease","12/440","66/9434",4.52103976179445e-05,0.000368638626730932,0.000264795041379054,"IL4R/NFKB1/IL1A/STAT1/IL1B/IL6/IL10/TLR2/STAT4/STAT3/RELA/TNF",12
"Environmental Information Processing","Signal transduction","hsa04010","MAPK signaling pathway","30/440","300/9434",6.28913180752121e-05,0.000499985978697936,0.000359142526903185,"MAP2K3/MAP4K4/NFKB2/MAP3K20/RELB/MAP3K8/NFKB1/MAPK10/RAPGEF2/DUSP16/VEGFA/IL1A/DUSP1/DUSP4/PPP3CC/EREG/IL1B/RAP1B/DUSP5/DUSP10/RASGRP3/KIT/CACNA2D3/DUSP2/CASP3/MAP2K1/RELA/CSF1/MAP3K5/TNF",30
"Human Diseases","Infectious disease: parasitic","hsa05140","Leishmaniasis","13/440","79/9434",6.5329471728826e-05,0.000506701756335773,0.000363966504882035,"PTGS2/JAK2/NFKBIA/NFKB1/IL1A/STAT1/IL1B/IL10/TLR2/NCF1/JAK1/RELA/TNF",13
"Cellular Processes","Cell growth and death","hsa04216","Ferroptosis","9/440","42/9434",0.000108455165813781,0.000798410103974952,0.000573502126986311,"ACSL4/TFRC/SLC11A2/SAT1/SLC39A8/SLC7A11/ACSL1/FTH1/ACSL5",9
"Human Diseases","Infectious disease: bacterial","hsa05152","Tuberculosis","21/440","182/9434",0.000110349217313301,0.000798410103974952,0.000573502126986311,"CD74/JAK2/RIPK2/NFKB1/MAPK10/IL10RA/IL1A/STAT1/PPP3CC/IL1B/IRAK2/IL6/IL10/TLR2/CALM3/JAK1/CASP3/CLEC4E/RELA/SRC/TNF",21
"Organismal Systems","Immune system","hsa04623","Cytosolic DNA-sensing pathway","13/440","83/9434",0.000110471838285842,0.000798410103974952,0.000573502126986311,"NFKBIA/RIGI/NFKB1/ZBP1/IL1B/IL6/CASP1/ADAR/AIM2/CASP3/RELA/CCL4/CCL4L2",13
"Human Diseases","Infectious disease: viral","hsa05160","Hepatitis C","19/440","159/9434",0.000146491292269737,0.00103520513203947,0.000743593226258078,"CFLAR/EIF2AK2/OAS1/NFKBIA/RIGI/NFKB1/STAT1/TICAM1/RSAD2/MX1/JAK1/CASP3/STAT3/MAP2K1/STAT2/RELA/MX2/SOCS3/TNF",19
"Human Diseases","Infectious disease: bacterial","hsa05135","Yersinia infection","17/440","138/9434",0.000224533256070904,0.00155220816153364,0.00111495918918504,"MAP2K3/ROCK1/NFKBIA/CCL2/NFKB1/MAPK10/IL1B/TICAM1/IL6/IL10/CASP1/VAV2/MAP2K1/CXCL8/RELA/SRC/TNF",17
"Human Diseases","Infectious disease: bacterial","hsa05132","Salmonella infection","25/440","251/9434",0.00027219587153485,0.00184166568400175,0.0013228780318715,"BIRC3/MAP2K3/NFKBIA/RIPK2/NOD1/CYTH1/NFKB1/MAPK10/BIRC2/TNFSF10/IL1B/SNX9/ARL8B/IL6/TXN/TLR2/CASP1/CASP5/DYNLT1/CASP3/MAP2K1/CXCL8/RELA/CASP4/TNF",25
"Human Diseases","Infectious disease: parasitic","hsa05142","Chagas disease","14/440","103/9434",0.00028625721786513,0.00185775092410431,0.00133443214343143,"CFLAR/NFKBIA/PLCB4/CCL2/NFKB1/MAPK10/IL1B/TICAM1/IL6/IL10/TLR2/CXCL8/RELA/TNF",14
"Human Diseases","Infectious disease: parasitic","hsa05146","Amoebiasis","14/440","103/9434",0.00028625721786513,0.00185775092410431,0.00133443214343143,"CXCL2/PLCB4/NFKB1/IL1B/IL6/IL10/TLR2/CXCL3/CASP3/CXCL8/SERPINB9/RELA/LAMB3/TNF",14
"Human Diseases","Infectious disease: viral","hsa05170","Human immunodeficiency virus 1 infection","22/440","213/9434",0.000379784358395847,0.00241542851939759,0.00173501485835577,"TNFRSF1B/MAP2K3/CUL1/NFKBIA/NFKB1/MAPK10/PPP3CC/GNGT1/APOBEC3F/TRIM5/TLR2/CALM3/CASP3/B2M/MAP2K1/BCL2L1/RELA/LIMK2/MTOR/TAPBP/TNF/APOBEC3G",22
"Organismal Systems","Endocrine system","hsa04917","Prolactin signaling pathway","11/440","71/9434",0.000407315073645567,0.00249088833498635,0.00178921803605441,"JAK2/NFKB1/MAPK10/STAT1/FOXO3/STAT5A/STAT3/MAP2K1/RELA/SOCS3/SRC",11
"Human Diseases","Infectious disease: bacterial","hsa05120","Epithelial cell signaling in Helicobacter pylori infection","11/440","71/9434",0.000407315073645567,0.00249088833498635,0.00178921803605441,"CXCL2/NFKBIA/NOD1/NFKB1/MAPK10/CXCL3/CASP3/CXCL8/RELA/SRC/LYN",11
"Organismal Systems","Nervous system","hsa04722","Neurotrophin signaling pathway","15/440","120/9434",0.000443367662311656,0.00266020597386994,0.00191083977600058,"PSEN1/IRAK3/NFKBIA/RIPK2/RAPGEF1/NFKB1/MAPK10/FOXO3/RAP1B/IRAK2/NFKBIE/CALM3/MAP2K1/RELA/MAP3K5",15
"Human Diseases","Cancer: specific types","hsa05219","Bladder cancer","8/440","41/9434",0.000515640260579797,0.00303654820119214,0.00218116835371961,"TYMP/MMP2/MMP9/VEGFA/MDM2/MAP2K1/CXCL8/SRC",8
"Human Diseases","Infectious disease: viral","hsa05171","Coronavirus disease - COVID-19","23/440","238/9434",0.000724626228854898,0.00414072480077403,0.002974304143555,"EIF2AK2/OAS1/NFKBIA/RIGI/CCL2/NFKB1/MAPK10/IFIH1/STAT1/IL1B/IL6/TLR2/CASP1/MX1/ADAR/JAK1/STAT3/CXCL8/STAT2/RELA/MX2/TNF/RPL36A-HNRNPH2",23
"Human Diseases","Infectious disease: bacterial","hsa05131","Shigellosis","24/440","253/9434",0.000729184241645741,0.00414072480077403,0.002974304143555,"CD44/CUL1/ROCK1/NFKBIA/PLCB4/RIPK2/NOD1/CYTH1/NFKB1/MAPK10/FOXO3/IL1B/MDM2/CASP1/TNIP1/HK2/SQSTM1/CXCL8/BCL2L1/RELA/CASP4/SRC/MTOR/TNF",24
"Human Diseases","Cancer: specific types","hsa05212","Pancreatic cancer","11/440","77/9434",0.00082669405908979,0.0046120826454483,0.00331288293300987,"PLD1/NFKB1/MAPK10/VEGFA/STAT1/JAK1/STAT3/MAP2K1/BCL2L1/RELA/MTOR",11
"Organismal Systems","Immune system","hsa04662","B cell receptor signaling pathway","12/440","91/9434",0.00100893696062195,0.0055317578185824,0.00397349038938226,"NFKBIA/LILRB1/NFKB1/PPP3CC/NFKBIE/RASGRP3/PIK3AP1/VAV2/MAP2K1/RELA/LILRB4/LYN",12
"Human Diseases","Endocrine and metabolic disease","hsa04936","Alcoholic liver disease","16/440","144/9434",0.00107365012733259,0.0057867922117248,0.00415668291937862,"MAP2K3/CXCL2/NFKBIA/PRKAG2/NFKB1/MAPK10/FOXO3/IL1B/TICAM1/IL6/CXCL3/CASP3/CXCL8/RELA/MAP3K5/TNF",16
"Human Diseases","Infectious disease: parasitic","hsa05143","African trypanosomiasis","7/440","37/9434",0.00139489696063672,0.00739295389137461,0.00531039720102049,"APOL1/PLCB4/IL1B/IDO1/IL6/IL10/TNF",7
"Human Diseases","Endocrine and metabolic disease","hsa04931","Insulin resistance","13/440","109/9434",0.00162524743093425,0.00847260136126378,0.00608591358952082,"NFKBIA/PRKAG2/NFKB1/MAPK10/GFPT2/IL6/PTPRF/STAT3/RELA/SOCS3/PTPN1/MTOR/TNF",13
"Human Diseases","Infectious disease: parasitic","hsa05144","Malaria","8/440","50/9434",0.00200713452207517,0.0102946577099984,0.00739470613396115,"CD40/CCL2/IL1B/IL6/IL10/TLR2/CXCL8/TNF",8
"Environmental Information Processing","Signal transduction","hsa04015","Rap1 signaling pathway","20/440","212/9434",0.00210882690088449,0.010644554833036,0.0076460390558385,"MAP2K3/PLCB4/RAPGEF1/RAPGEF2/VEGFA/RAP1B/DOCK4/AFDN/RASGRP3/KIT/CALM3/VAV2/ADCY9/MAP2K1/ADORA2B/CSF1/SRC/SIPA1L1/ITGB3/RASSF5",20
"Human Diseases","Drug resistance: antineoplastic","hsa01523","Antifolate resistance","6/440","30/9434",0.00227199153012981,0.0112889579153325,0.00810891713878566,"ABCC1/NFKB1/IL1B/IL6/RELA/TNF",6
"Human Diseases","Cancer: overview","hsa05205","Proteoglycans in cancer","19/440","204/9434",0.00311612591032058,0.0152450467612607,0.0109505963164302,"PLAUR/CD44/ROCK1/MMP2/HIF1A/MMP9/VEGFA/SDC4/CTSL/MDM2/TLR2/VAV2/CASP3/STAT3/MAP2K1/SRC/MTOR/TNF/ITGB3",19
"Environmental Information Processing","Signal transduction","hsa04068","FoxO signaling pathway","14/440","133/9434",0.00357151994889589,0.0172082324810438,0.0123607628215376,"PRKAG2/MAPK10/BCL6/FOXO3/TNFSF10/MDM2/IL6/IL10/PLK2/STAT3/IL7R/MAP2K1/C8orf44-SGK3/SOD2",14
"Human Diseases","Drug resistance: antineoplastic","hsa01521","EGFR tyrosine kinase inhibitor resistance","10/440","80/9434",0.00387467118587703,0.0183902304046104,0.0132097980728251,"JAK2/VEGFA/FOXO3/IL6/JAK1/STAT3/MAP2K1/BCL2L1/SRC/MTOR",10
"Environmental Information Processing","Signal transduction","hsa04066","HIF-1 signaling pathway","12/440","110/9434",0.00507428877803975,0.0237297622267153,0.0170452115299478,"TFRC/HIF1A/NFKB1/VEGFA/LDHA/IL6/HK2/STAT3/MAP2K1/PFKFB3/RELA/MTOR",12
"Environmental Information Processing","Signal transduction","hsa04151","PI3K-Akt signaling pathway","28/440","362/9434",0.00579981632879082,0.0267295882979055,0.0192000021868437,"IL4R/JAK2/IL7/JAK3/ITGB8/NFKB1/VEGFA/FOXO3/EREG/GNGT1/IL2RA/MDM2/IL6/TLR2/MCL1/PIK3AP1/KIT/JAK1/IL7R/MAP2K1/BCL2L1/RELA/CSF1/IL3RA/LAMB3/MTOR/ITGB3/C8orf44-SGK3",28
"Cellular Processes","Cell growth and death","hsa04218","Cellular senescence","15/440","157/9434",0.00648830468966488,0.0294754413044776,0.021172362671538,"MAP2K3/NBN/NFKB1/IL1A/FOXO3/PPP3CC/MDM2/IL6/CALM3/SQSTM1/MAP2K1/CXCL8/RELA/MTOR/RASSF5",15
"Organismal Systems","Immune system","hsa04672","Intestinal immune network for IgA production","7/440","50/9434",0.00804433985073068,0.0360295784863712,0.0258802334708459,"CD40/TNFSF13B/CD80/IL15RA/IL6/IL10/IL15",7
"Environmental Information Processing","Signal transduction","hsa04024","cAMP signaling pathway","19/440","226/9434",0.00929355360159694,0.0410465284070532,0.029483934671733,"ROCK1/PLD1/KCNK2/NFKBIA/NFKB1/MAPK10/PDE4D/PTGER2/FFAR2/RAP1B/AFDN/ADCY10/CALM3/VAV2/ADCY9/MAP2K1/RELA/PDE4B/RYR2",19
"Cellular Processes","Transport and catabolism","hsa04137","Mitophagy - animal","11/440","105/9434",0.00961731552277262,0.0418946073457766,0.0300931141808458,"HIF1A/TBC1D17/MAPK10/FOXO3/OPTN/USP15/SQSTM1/BCL2L1/RELA/TOMM7/SRC",11
"Organismal Systems","Immune system","hsa04613","Neutrophil extracellular trap formation","17/440","196/9434",0.0100686310322316,0.0432679009222927,0.0310795580938018,"HDAC9/PLCB4/NFKB1/TLR2/CASP1/H4C8/NCF1/MAP2K1/RELA/H2AC6/H2BC4/CASP4/SRC/MTOR/H2BC18/ITGB3/H2BC8",17
"Organismal Systems","Endocrine system","hsa04912","GnRH signaling pathway","10/440","93/9434",0.0111361756257575,0.046596103276196,0.0334702231411272,"MAP2K3/PLD1/MMP2/PLCB4/MAPK10/MMP14/CALM3/ADCY9/MAP2K1/SRC",10
"Human Diseases","Cancer: specific types","hsa05222","Small cell lung cancer","10/440","93/9434",0.0111361756257575,0.046596103276196,0.0334702231411272,"BIRC3/TRAF1/PTGS2/NFKBIA/NFKB1/BIRC2/CASP3/BCL2L1/RELA/LAMB3",10
"Organismal Systems","Endocrine system","hsa04935","Growth hormone synthesis, secretion and action","12/440","122/9434",0.0113606773480653,0.0469181220348673,0.0337015308889977,"MAP2K3/JAK2/PLCB4/MAPK10/STAT1/STAT5A/ADCY10/ADCY9/STAT3/MAP2K1/SOCS3/MTOR",12
"Cellular Processes","Transport and catabolism","hsa04140","Autophagy - animal","15/440","169/9434",0.0124214434514487,0.050476506210663,0.0362575367352329,"CFLAR/VMP1/TP53INP2/HIF1A/MAPK10/OPTN/CTSL/TANK/RUBCN/EPG5/ATG10/SQSTM1/MAP2K1/BCL2L1/MTOR",15
"Metabolism","Amino acid metabolism","hsa00380","Tryptophan metabolism","6/440","42/9434",0.0125397609768628,0.050476506210663,0.0362575367352329,"DLD/IL4I1/KYNU/KMO/ACAT2/IDO1",6
"Cellular Processes","Cell growth and death","hsa04215","Apoptosis - multiple species","5/440","32/9434",0.015330724981002,0.0609079149970366,0.0437504718780435,"BIRC3/MAPK10/BIRC2/CASP3/BCL2L1",5
"Environmental Information Processing","Signal transduction","hsa04014","Ras signaling pathway","19/440","238/9434",0.0155142802350942,0.0609079149970366,0.0437504718780435,"PLD1/NFKB1/MAPK10/VEGFA/RAP1B/GNGT1/AFDN/ABL2/RGL1/RASGRP3/KIT/ETS2/CALM3/REL/MAP2K1/BCL2L1/RELA/CSF1/RASSF5",19
"Human Diseases","Cancer: overview","hsa05230","Central carbon metabolism in cancer","8/440","71/9434",0.0170348623082034,0.0657502166720527,0.0472287223364298,"HIF1A/SLC7A5/GLS/LDHA/KIT/HK2/MAP2K1/MTOR",8
"Metabolism","Global and overview maps","hsa01232","Nucleotide metabolism","9/440","85/9434",0.0171612200747811,0.0657502166720527,0.0472287223364298,"TYMP/GDA/NT5C3A/AMPD3/CMPK2/GMPS/AK8/UPP1/ADA",9
"Organismal Systems","Endocrine system","hsa04926","Relaxin signaling pathway","12/440","130/9434",0.0181021744535554,0.0685296604313169,0.0492252112333525,"MMP2/NFKBIA/MMP9/PLCB4/NFKB1/MAPK10/VEGFA/GNGT1/ADCY9/MAP2K1/RELA/SRC",12
"Human Diseases","Cancer: overview","hsa05208","Chemical carcinogenesis - reactive oxygen species","18/440","227/9434",0.0193463556176367,0.0723781304283349,0.0519895872325345,"PLD1/KEAP1/HIF1A/NFKBIA/NFKB1/MAPK10/VEGFA/FOXO3/ABL2/GSTO1/PTPRJ/NCF1/MAP2K1/RELA/PTPN1/SRC/MAP3K5/SOD2",18
"Human Diseases","Endocrine and metabolic disease","hsa04930","Type II diabetes mellitus","6/440","47/9434",0.0211361742930994,0.0781546909907628,0.0561389207050498,"MAPK10/HK2/SOCS3/KCNJ11/MTOR/TNF",6
"Human Diseases","Cancer: specific types","hsa05220","Chronic myeloid leukemia","8/440","77/9434",0.0265068161386876,0.09612546187728,0.0690474188261164,"NFKBIA/NFKB1/STAT5A/MDM2/RUNX1/MAP2K1/BCL2L1/RELA",8
"Environmental Information Processing","Signal transduction","hsa04071","Sphingolipid signaling pathway","11/440","122/9434",0.0269030380725721,0.09612546187728,0.0690474188261164,"ROCK1/PLD1/PLCB4/ABCC1/NFKB1/MAPK10/SGPP2/MAP2K1/RELA/MAP3K5/TNF",11
"Organismal Systems","Immune system","hsa04660","T cell receptor signaling pathway","11/440","122/9434",0.0269030380725721,0.09612546187728,0.0690474188261164,"NFKBIA/MAP3K8/NFKB1/MAPK10/PPP3CC/IL10/NFKBIE/VAV2/MAP2K1/RELA/TNF",11
"Organismal Systems","Endocrine system","hsa04910","Insulin signaling pathway","12/440","138/9434",0.0274773023442506,0.0961782632687177,0.0690853463399925,"PRKAG2/RAPGEF1/MAPK10/RHOQ/TRIP10/PTPRF/HK2/CALM3/MAP2K1/SOCS3/PTPN1/MTOR",12
"Human Diseases","Infectious disease: bacterial","hsa05130","Pathogenic Escherichia coli infection","16/440","203/9434",0.0278131027826304,0.0961782632687177,0.0690853463399925,"ROCK1/NFKBIA/CYTH1/NFKB1/MAPK10/TNFSF10/IL1B/IL6/MYO1G/CASP1/CASP3/CXCL8/RELA/CASP4/SRC/TNF",16
"Human Diseases","Neurodegenerative disease","hsa05022","Pathways of neurodegeneration - multiple diseases","32/440","483/9434",0.0278251579267988,0.0961782632687177,0.0690853463399925,"TNFRSF1B/MAP2K3/PSMA4/PTGS2/PSEN1/XBP1/PLCB4/SPG11/NFKB1/MAPK10/IL1A/PPP3CC/OPTN/IL1B/PSMA1/UBA1/IL6/TANK/PSMA5/UBE2L6/CALM3/SQSTM1/CASP3/MAP2K1/BCL2L1/RELA/CSF1/MAP3K5/RYR2/MTOR/GPX3/TNF",32
"Genetic Information Processing","Information processing in viruses","hsa03250","Viral life cycle - HIV-1","7/440","64/9434",0.0287593537270326,0.0983384353246921,0.0706370091541151,"TNPO3/ELL2/APOBEC3F/TRIM5/MX1/MX2/APOBEC3G",7
"Metabolism","Metabolism of cofactors and vitamins","hsa00730","Thiamine metabolism","3/440","15/9434",0.0301700355391108,0.102064588313162,0.0733135242103812,"ALPL/AK8/TPK1",3
"Human Diseases","Endocrine and metabolic disease","hsa04932","Non-alcoholic fatty liver disease","13/440","157/9434",0.0317148876252713,0.106161413314066,0.0762562948995444,"XBP1/PRKAG2/NFKB1/MAPK10/IL1A/IL1B/IL6/CASP3/CXCL8/RELA/SOCS3/MAP3K5/TNF",13
"Genetic Information Processing","Folding, sorting and degradation","hsa04120","Ubiquitin mediated proteolysis","12/440","142/9434",0.0333051770101444,0.110323398846103,0.0792458707368568,"BIRC3/CUL1/KEAP1/BIRC2/WWP1/UBA1/MDM2/PML/UBE2L6/UBE2Z/UBE2E2/SOCS3",12
"Human Diseases","Infectious disease: viral","hsa05165","Human papillomavirus infection","23/440","333/9434",0.0382327553261547,0.125340373131105,0.0900326414083079,"EIF2AK2/PTGS2/PSEN1/ITGB8/NFKB1/VEGFA/STAT1/TICAM1/OASL/MDM2/DLG2/MX1/JAK1/CASP3/MAP2K1/STAT2/RELA/MX2/MAML2/LAMB3/MTOR/TNF/ITGB3",23
"Organismal Systems","Sensory system","hsa04750","Inflammatory mediator regulation of TRP channels","9/440","99/9434",0.0410376534058233,0.13188800760787,0.0947358412807277,"MAP2K3/PLCB4/MAPK10/PTGER2/IL1B/CALM3/ADCY9/HRH1/SRC",9
"Organismal Systems","Immune system","hsa04664","Fc epsilon RI signaling pathway","7/440","69/9434",0.0410594740666011,0.13188800760787,0.0947358412807277,"ALOX5/MAP2K3/MAPK10/VAV2/MAP2K1/TNF/LYN",7
"Human Diseases","Cardiovascular disease","hsa05416","Viral myocarditis","7/440","70/9434",0.0438734543095855,0.139517584704482,0.10021620615979,"EIF4G3/CD40/CD80/ABL2/CASP3/SGCZ/CD55",7
"Metabolism","Lipid metabolism","hsa00061","Fatty acid biosynthesis","3/440","18/9434",0.0488264705075679,0.153730867538679,0.11042568108538,"ACSL4/ACSL1/ACSL5",3
"Metabolism","Metabolism of other amino acids","hsa00480","Glutathione metabolism","6/440","59/9434",0.0559018693361676,0.17428229851864,0.125187880763141,"LAP3/SMS/PGD/GSTO1/ANPEP/GPX3",6
"Human Diseases","Immune disease","hsa05332","Graft-versus-host disease","5/440","45/9434",0.0570519668877183,0.176141023983441,0.126523012924219,"IL1A/CD80/IL1B/IL6/TNF",5
"Organismal Systems","Endocrine system","hsa04921","Oxytocin signaling pathway","12/440","155/9434",0.0582543232907009,0.178123796215797,0.127947248523098,"CD38/ROCK1/PTGS2/PLCB4/PRKAG2/PPP3CC/CACNA2D3/CALM3/ADCY9/MAP2K1/SRC/RYR2",12
"Human Diseases","Drug resistance: antineoplastic","hsa01524","Platinum drug resistance","7/440","75/9434",0.0597871356514949,0.181069610830242,0.130063242469919,"BIRC3/BIRC2/MDM2/GSTO1/CASP3/BCL2L1/MAP3K5",7
"Genetic Information Processing","Folding, sorting and degradation","hsa03050","Proteasome","5/440","46/9434",0.0616721273281467,0.18501638198444,0.13289822870117,"PSMA4/PSME2/PSMA1/PSMA5/PSMB9",5
"Cellular Processes","Cellular community - eukaryotes","hsa04520","Adherens junction","8/440","93/9434",0.0680762854246751,0.202320175374268,0.145327633420113,"ROCK1/RAP1B/NECTIN2/AFDN/PTPRF/PTPRJ/PTPN1/SRC",8
"Metabolism","Nucleotide metabolism","hsa00230","Purine metabolism","10/440","128/9434",0.0755787405322349,0.222537402678247,0.159849772860575,"PDE4D/PDE1A/GDA/AMPD3/ADCY10/ADCY9/GMPS/AK8/PDE4B/ADA",10
"Metabolism","Metabolism of terpenoids and polyketides","hsa00900","Terpenoid backbone biosynthesis","3/440","23/9434",0.0894675661925462,0.256817423407338,0.184473289901994,"ACAT2/PDSS1/FDPS",3
"Human Diseases","Drug resistance: antineoplastic","hsa01522","Endocrine resistance","8/440","99/9434",0.0904514195648485,0.256817423407338,0.184473289901994,"MMP2/MMP9/MAPK10/MDM2/ADCY9/MAP2K1/SRC/MTOR",8
"Organismal Systems","Immune system","hsa04666","Fc gamma R-mediated phagocytosis","8/440","99/9434",0.0904514195648485,0.256817423407338,0.184473289901994,"PLD1/HCK/ASAP1/NCF1/VAV2/MAP2K1/LIMK2/LYN",8
"Human Diseases","Cardiovascular disease","hsa05410","Hypertrophic cardiomyopathy","8/440","99/9434",0.0904514195648485,0.256817423407338,0.184473289901994,"ITGB8/PRKAG2/IL6/CACNA2D3/SGCZ/RYR2/TNF/ITGB3",8
"Metabolism","Amino acid metabolism","hsa00250","Alanine, aspartate and glutamate metabolism","4/440","37/9434",0.0919707066000888,0.258820218573701,0.185911908078428,"ASNS/IL4I1/GLS/GFPT2",4
"Human Diseases","Immune disease","hsa05340","Primary immunodeficiency","4/440","38/9434",0.099207255064347,0.276736027284757,0.198780926583225,"CD40/JAK3/IL7R/ADA",4
"Human Diseases","Neurodegenerative disease","hsa05010","Alzheimer disease","24/440","391/9434",0.101799242500115,0.281497035782927,0.202200783730206,"PSMA4/EIF2AK2/PTGS2/PSEN1/XBP1/PLCB4/NFKB1/MAPK10/SLC11A2/IL1A/PPP3CC/IL1B/PSMA1/IL6/SLC39A8/PSMA5/CALM3/CASP3/MAP2K1/RELA/CSF1/MAP3K5/MTOR/TNF",24
"Metabolism","Global and overview maps","hsa01240","Biosynthesis of cofactors","11/440","154/9434",0.105033224033055,0.287546113050524,0.206545867368301,"MTHFD2/DLD/KYNU/KMO/IDO1/GCH1/CMPK2/PANK1/ALPL/AK8/TPK1",11
"Environmental Information Processing","Signal transduction","hsa04012","ErbB signaling pathway","7/440","86/9434",0.105844865696507,0.287546113050524,0.206545867368301,"MAPK10/EREG/STAT5A/ABL2/MAP2K1/SRC/MTOR",7
"Human Diseases","Immune disease","hsa05330","Allograft rejection","4/440","39/9434",0.106699501069062,0.287546113050524,0.206545867368301,"CD40/CD80/IL10/TNF",4
"Organismal Systems","Endocrine system","hsa04919","Thyroid hormone signaling pathway","9/440","122/9434",0.115946590376899,0.309840468402134,0.222560018680116,"HIF1A/PLCB4/SLC16A10/STAT1/MDM2/MAP2K1/SRC/MTOR/ITGB3",9
"Human Diseases","Cancer: specific types","hsa05223","Non-small cell lung cancer","6/440","73/9434",0.124366176948737,0.329167207359888,0.236442515713657,"JAK3/FOXO3/STAT5A/STAT3/MAP2K1/RASSF5",6
"Metabolism","Global and overview maps","hsa01212","Fatty acid metabolism","5/440","57/9434",0.125623487389688,0.329167207359888,0.236442515713657,"ACSL4/ACAT2/ACSL1/ELOVL7/ACSL5",5
"Organismal Systems","Aging","hsa04211","Longevity regulating pathway","7/440","90/9434",0.126284274521718,0.329167207359888,0.236442515713657,"PRKAG2/NFKB1/FOXO3/ADCY9/RELA/MTOR/SOD2",7
"Environmental Information Processing","Signaling molecules and interaction","hsa04514","Cell adhesion molecules","11/440","160/9434",0.127514493063791,0.329671616213704,0.236804835214743,"CD6/SIGLEC1/CD40/ITGB8/CD274/CD80/SDC4/NECTIN2/PTPRF/ALCAM/CNTNAP2",11
"Human Diseases","Immune disease","hsa05322","Systemic lupus erythematosus","10/440","144/9434",0.135157733110703,0.346614186525834,0.248974771519715,"CD40/CD80/TRIM21/IL10/H4C8/H2AC6/H2BC4/H2BC18/TNF/H2BC8",10
"Metabolism","Glycan biosynthesis and metabolism","hsa00533","Glycosaminoglycan biosynthesis - keratan sulfate","2/440","14/9434",0.136578458444384,0.347455598282513,0.249579161957316,"B4GALT1/B3GNT7",2
"Metabolism","Lipid metabolism","hsa00071","Fatty acid degradation","4/440","43/9434",0.139058542129898,0.350957272994503,0.252094433100984,"ACSL4/ACAT2/ACSL1/ACSL5",4
"Environmental Information Processing","Signal transduction","hsa04370","VEGF signaling pathway","5/440","60/9434",0.146910335872357,0.366943673024494,0.263577547323122,"PTGS2/VEGFA/PPP3CC/MAP2K1/SRC",5
"Human Diseases","Endocrine and metabolic disease","hsa04940","Type I diabetes mellitus","4/440","44/9434",0.147700597946966,0.366943673024494,0.263577547323122,"IL1A/CD80/IL1B/TNF",4
"Cellular Processes","Cellular community - eukaryotes","hsa04510","Focal adhesion","13/440","203/9434",0.153404769309722,0.378160594112338,0.271634720034351,"BIRC3/ROCK1/ITGB8/RAPGEF1/MAPK10/BIRC2/VEGFA/RAP1B/VAV2/MAP2K1/LAMB3/SRC/ITGB3",13
"Organismal Systems","Aging","hsa04213","Longevity regulating pathway - multiple species","5/440","62/9434",0.161898114051816,0.394434998809139,0.283324709505406,"PRKAG2/FOXO3/ADCY9/MTOR/SOD2",5
"Metabolism","Carbohydrate metabolism","hsa00020","Citrate cycle (TCA cycle)","3/440","30/9434",0.162487373723262,0.394434998809139,0.283324709505406,"DLD/ACO1/DLAT",3
"Organismal Systems","Endocrine system","hsa04928","Parathyroid hormone synthesis, secretion and action","8/440","115/9434",0.168060751903865,0.404873629586583,0.290822832241935,"PLD1/PLCB4/PDE4D/RUNX2/MMP14/ADCY9/MAP2K1/PDE4B",8
"Organismal Systems","Immune system","hsa04670","Leukocyte transendothelial migration","8/440","116/9434",0.173707784243371,0.408562960176137,0.293472897577696,"ROCK1/MMP2/MMP9/RAP1B/AFDN/NCF1/VAV2/RASSF5",8
"Organismal Systems","Nervous system","hsa04724","Glutamatergic synapse","8/440","116/9434",0.173707784243371,0.408562960176137,0.293472897577696,"PLD1/SLC1A3/PLCB4/GLS/PPP3CC/GNGT1/ADCY9/SHANK2",8
"Metabolism","Carbohydrate metabolism","hsa00620","Pyruvate metabolism","4/440","47/9434",0.17479674678774,0.408562960176137,0.293472897577696,"DLD/ACAT2/LDHA/DLAT",4
"Genetic Information Processing","Folding, sorting and degradation","hsa04141","Protein processing in endoplasmic reticulum","11/440","171/9434",0.174969853270466,0.408562960176137,0.293472897577696,"CUL1/DNAJA1/PPP1R15A/XBP1/SEC61B/MAPK10/FBXO6/EDEM1/DNAJC5B/DNAJB12/MAP3K5",11
"Organismal Systems","Immune system","hsa04612","Antigen processing and presentation","6/440","81/9434",0.176016118063304,0.408562960176137,0.293472897577696,"CD74/PSME2/CTSL/B2M/TAPBP/TNF",6
"Metabolism","Amino acid metabolism","hsa00280","Valine, leucine and isoleucine degradation","4/440","48/9434",0.184184812974604,0.421029123790972,0.302427407688318,"OXCT1/DLD/IL4I1/ACAT2",4
"Metabolism","Carbohydrate metabolism","hsa00630","Glyoxylate and dicarboxylate metabolism","3/440","32/9434",0.185894348895969,0.421029123790972,0.302427407688318,"DLD/ACAT2/ACO1",3
"Human Diseases","Immune disease","hsa05310","Asthma","3/440","32/9434",0.185894348895969,0.421029123790972,0.302427407688318,"CD40/IL10/TNF",3
NA,NA,"hsa03273","Virion - Lassa virus and SFTS virus","2/440","17/9434",0.18668272469977,0.421029123790972,0.302427407688318,"TFRC/NRP2",2
"Human Diseases","Neurodegenerative disease","hsa05012","Parkinson disease","16/440","271/9434",0.197709682422135,0.438778712633489,0.315177029597707,"PSMA4/KEAP1/XBP1/MAPK10/SLC11A2/DUSP1/PSMA1/UBA1/TXN/SLC39A8/PSMA5/UBE2L6/CALM3/CASP3/BCL2L1/MAP3K5",16
"Metabolism","Global and overview maps","hsa01210","2-Oxocarboxylic acid metabolism","3/440","33/9434",0.19791152036298,0.438778712633489,0.315177029597707,"DLD/ACO1/DLAT",3
"Cellular Processes","Transport and catabolism","hsa04144","Endocytosis","15/440","252/9434",0.198692247230259,0.438778712633489,0.315177029597707,"ARAP2/ARFGEF1/TFRC/PLD1/CYTH1/EHD1/VPS26A/WWP1/IL2RA/MDM2/PML/ASAP1/PSD3/SRC/ARFGAP3",15
"Organismal Systems","Nervous system","hsa04720","Long-term potentiation","5/440","67/9434",0.201826943228325,0.442627365149016,0.317941536700882,"PLCB4/PPP3CC/RAP1B/CALM3/MAP2K1",5
"Environmental Information Processing","Signal transduction","hsa04371","Apelin signaling pathway","9/440","140/9434",0.206310553951303,0.44936134353777,0.322778588373705,"PLCB4/PRKAG2/GNGT1/ADCY10/CALM3/ADCY9/MAP2K1/RYR2/MTOR",9
"Human Diseases","Cardiovascular disease","hsa05412","Arrhythmogenic right ventricular cardiomyopathy","6/440","86/9434",0.212064555619319,0.458751895829547,0.329523870887162,"ITGB8/CACNA2D3/JUP/SGCZ/RYR2/ITGB3",6
"Human Diseases","Cardiovascular disease","hsa05414","Dilated cardiomyopathy","7/440","105/9434",0.218168111055668,0.466660489543264,0.335204654852328,"ITGB8/CACNA2D3/ADCY9/SGCZ/RYR2/TNF/ITGB3",7
"Organismal Systems","Endocrine system","hsa04924","Renin secretion","5/440","69/9434",0.218655386609894,0.466660489543264,0.335204654852328,"PLCB4/PDE1A/PPP3CC/PTGER2/CALM3",5
"Human Diseases","Cancer: specific types","hsa05215","Prostate cancer","7/440","106/9434",0.225016757166212,0.477035525192369,0.34265709687767,"NFKBIA/MMP9/NFKB1/MDM2/MAP2K1/RELA/MTOR",7
"Human Diseases","Cancer: specific types","hsa05211","Renal cell carcinoma","5/440","70/9434",0.227228163669965,0.47853348375529,0.343733088298239,"HIF1A/RAPGEF1/VEGFA/RAP1B/MAP2K1",5
"Human Diseases","Cancer: overview","hsa05206","MicroRNAs in cancer","18/440","319/9434",0.233443545863023,0.484913552896307,0.348315925119161,"VIM/CD44/ROCK1/PTGS2/MMP9/ABCC1/NFKB1/VEGFA/GLS/MDM2/PIM1/MCL1/CASP3/STAT3/MAP2K1/MTOR/MIR146B/ITGB3",18
"Organismal Systems","Immune system","hsa04611","Platelet activation","8/440","126/9434",0.234455452584569,0.484913552896307,0.348315925119161,"ROCK1/PLCB4/RAP1B/PTGIR/ADCY9/SRC/LYN/ITGB3",8
"Environmental Information Processing","Signaling molecules and interaction","hsa04512","ECM-receptor interaction","6/440","89/9434",0.234832349515822,0.484913552896307,0.348315925119161,"CD44/ITGB8/SDC4/CD47/LAMB3/ITGB3",6
"Metabolism","Lipid metabolism","hsa00100","Steroid biosynthesis","2/440","20/9434",0.238820866988688,0.486827151938479,0.349690473256041,"LIPA/LSS",2
"Metabolism","Metabolism of cofactors and vitamins","hsa00785","Lipoic acid metabolism","2/440","20/9434",0.238820866988688,0.486827151938479,0.349690473256041,"DLD/DLAT",2
"Metabolism","Global and overview maps","hsa01250","Biosynthesis of nucleotide sugars","3/440","37/9434",0.247581337992844,0.501470480775315,0.360208852460256,"UXS1/GFPT2/HK2",3
"Metabolism","Glycan biosynthesis and metabolism","hsa00532","Glycosaminoglycan biosynthesis - chondroitin sulfate / dermatan sulfate","2/440","21/9434",0.256394043167024,0.516033580551353,0.370669602713153,"DSE/UST",2
"Metabolism","Carbohydrate metabolism","hsa00520","Amino sugar and nucleotide sugar metabolism","3/440","38/9434",0.260299116529573,0.520598233059146,0.373948416331793,"UXS1/GFPT2/HK2",3
"Cellular Processes","Cellular community - eukaryotes","hsa04530","Tight junction","10/440","170/9434",0.27009289829105,0.536809635353461,0.385593150849722,"ROCK1/EPB41L4B/PRKAG2/MAPK10/RAPGEF2/AFDN/DLG2/RUNX1/SRC/MAP3K5",10
"Organismal Systems","Endocrine system","hsa03320","PPAR signaling pathway","5/440","76/9434",0.280480869516795,0.55399327022572,0.397936245081037,"ACSL4/ACSL1/ANGPTL4/ACSL5/GK",5
"Metabolism","Nucleotide metabolism","hsa00240","Pyrimidine metabolism","4/440","58/9434",0.285177528513786,0.559792926341877,0.402102168209822,"TYMP/NT5C3A/CMPK2/UPP1",4
"Organismal Systems","Circulatory system","hsa04270","Vascular smooth muscle contraction","8/440","134/9434",0.287608412781411,0.561101075242261,0.403041818363359,"ROCK1/PLCB4/PTGIR/CALM3/ADCY9/NPPC/MAP2K1/ADORA2B",8
"Organismal Systems","Nervous system","hsa04726","Serotonergic synapse","7/440","115/9434",0.289595842831946,0.561533402564382,0.403352361325624,"ALOX5/PTGS2/PLCB4/DUSP1/GNGT1/CASP3/MAP2K1",7
NA,NA,"hsa04820","Cytoskeleton in muscle cells","13/440","233/9434",0.292234253279317,0.563215106320137,0.404560337873121,"VIM/SUN2/ITGB8/SDC4/AMPD3/ANKRD1/FMNL2/FMNL3/PDLIM5/COL24A1/JUP/SGCZ/ITGB3",13
"Organismal Systems","Environmental adaptation","hsa04713","Circadian entrainment","6/440","97/9434",0.298704992053435,0.572217996825255,0.411027160910561,"PLCB4/GNGT1/ADCY10/CALM3/ADCY9/RYR2",6
"Metabolism","Glycan biosynthesis and metabolism","hsa00534","Glycosaminoglycan biosynthesis - heparan sulfate / heparin","2/440","24/9434",0.309077628259031,0.58854302866091,0.422753516118561,"HS3ST3B1/EXT1",2
"Human Diseases","Cancer: overview","hsa05207","Chemical carcinogenesis - receptor activation","12/440","217/9434",0.313304870189722,0.593041361430546,0.425984691924622,"JAK2/NFKB1/VEGFA/BCL6/STAT5A/GSTO1/ADCY9/STAT3/MAP2K1/RELA/SRC/MTOR",12
"Metabolism","Xenobiotics biodegradation and metabolism","hsa00983","Drug metabolism - other enzymes","5/440","81/9434",0.326535851058098,0.613115151591033,0.440403799719478,"TYMP/GSTO1/GMPS/UPP1/CES1",5
"Environmental Information Processing","Signal transduction","hsa04330","Notch signaling pathway","4/440","62/9434",0.327765961542376,0.613115151591033,0.440403799719478,"PSEN1/DTX3L/MAML2/NCOR2",4
"Human Diseases","Neurodegenerative disease","hsa05017","Spinocerebellar ataxia","8/440","144/9434",0.357636893866355,0.665079135961994,0.477729799747609,"PSMA4/XBP1/PLCB4/MAPK10/PSMA1/PSMA5/MAP3K5/MTOR",8
"Metabolism","Carbohydrate metabolism","hsa00650","Butanoate metabolism","2/440","27/9434",0.360977578563978,0.667388778972937,0.479388828325479,"OXCT1/ACAT2",2
"Metabolism","Metabolism of cofactors and vitamins","hsa00860","Porphyrin metabolism","3/440","46/9434",0.36358559731737,0.668324970791466,0.480061299774075,"BLVRA/FTH1/HEPHL1",3
"Metabolism","Metabolism of cofactors and vitamins","hsa00790","Folate biosynthesis","2/440","28/9434",0.377971026882353,0.690774635336715,0.496187010486816,"GCH1/ALPL",2
"Metabolism","Carbohydrate metabolism","hsa00010","Glycolysis / Gluconeogenesis","4/440","67/9434",0.381416581147639,0.691418043629584,0.496649174007347,"DLD/LDHA/DLAT/HK2",4
"Human Diseases","Cancer: specific types","hsa05210","Colorectal cancer","5/440","87/9434",0.382671621631468,0.691418043629584,0.496649174007347,"MAPK10/EREG/CASP3/MAP2K1/MTOR",5
"Environmental Information Processing","Signal transduction","hsa04072","Phospholipase D signaling pathway","8/440","149/9434",0.393404450136806,0.705269041105138,0.506598417477044,"PLD1/PLCB4/CYTH1/KIT/ADCY9/MAP2K1/CXCL8/MTOR",8
"Organismal Systems","Sensory system","hsa04744","Phototransduction","2/440","29/9434",0.394773236845014,0.705269041105138,0.506598417477044,"GNGT1/CALM3",2
"Human Diseases","Substance dependence","hsa05034","Alcoholism","10/440","191/9434",0.399985402173677,0.710588591571113,0.510419478222217,"HDAC9/GNGT1/H4C8/CALM3/MAP2K1/ADORA2B/H2AC6/H2BC4/H2BC18/H2BC8",10
"Environmental Information Processing","Signal transduction","hsa04020","Calcium signaling pathway","13/440","254/9434",0.405712336556185,0.715956724004172,0.514275435646823,"CD38/P2RX7/PLCB4/VEGFA/PDE1A/PPP3CC/P2RX4/MCOLN2/CALM3/ADCY9/ADORA2B/HRH1/RYR2",13
"Environmental Information Processing","Signal transduction","hsa04350","TGF-beta signaling pathway","6/440","110/9434",0.407509959260236,0.715956724004172,0.514275435646823,"CUL1/ROCK1/TFRC/INHBA/LRRC32/TNF",6
"Metabolism","Glycan biosynthesis and metabolism","hsa00563","Glycosylphosphatidylinositol (GPI)-anchor biosynthesis","2/440","30/9434",0.411365084210853,0.718456183479702,0.516070810377674,"PIGV/PIGA",2
"Metabolism","Amino acid metabolism","hsa00330","Arginine and proline metabolism","3/440","50/9434",0.414704834536865,0.718456183479702,0.516070810377674,"LAP3/SMS/SAT1",3
"Human Diseases","Substance dependence","hsa05032","Morphine addiction","5/440","91/9434",0.420060607131425,0.718456183479702,0.516070810377674,"PDE4D/PDE1A/GNGT1/ADCY9/PDE4B",5
"Organismal Systems","Digestive system","hsa04979","Cholesterol metabolism","3/440","51/9434",0.427294435693324,0.718456183479702,0.516070810377674,"CETP/LIPA/ANGPTL4",3
"Metabolism","Carbohydrate metabolism","hsa00030","Pentose phosphate pathway","2/440","31/9434",0.42772963599536,0.718456183479702,0.516070810377674,"PGD/RBKS",2
"Genetic Information Processing","Folding, sorting and degradation","hsa03060","Protein export","2/440","31/9434",0.42772963599536,0.718456183479702,0.516070810377674,"SEC61B/IMMP2L",2
"Organismal Systems","Circulatory system","hsa04261","Adrenergic signaling in cardiomyocytes","8/440","154/9434",0.429258706116433,0.718456183479702,0.516070810377674,"KCNK2/PLCB4/SCN1B/CACNA2D3/CALM3/ADCY9/KCNE1/RYR2",8
"Organismal Systems","Immune system","hsa04650","Natural killer cell mediated cytotoxicity","7/440","134/9434",0.434913981560964,0.718456183479702,0.516070810377674,"CD48/PPP3CC/TNFSF10/VAV2/CASP3/MAP2K1/TNF",7
"Genetic Information Processing","Information processing in viruses","hsa03265","Virion - Ebolavirus, Lyssavirus and Morbillivirus","1/440","12/9434",0.436446212110259,0.718456183479702,0.516070810377674,"SLAMF1",1
"Metabolism","Amino acid metabolism","hsa00270","Cysteine and methionine metabolism","3/440","52/9434",0.439787622827742,0.718456183479702,0.516070810377674,"SMS/IL4I1/LDHA",3
"Organismal Systems","Endocrine system","hsa04913","Ovarian steroidogenesis","3/440","52/9434",0.439787622827742,0.718456183479702,0.516070810377674,"ALOX5/PTGS2/ADCY9",3
"Metabolism","Carbohydrate metabolism","hsa00052","Galactose metabolism","2/440","32/9434",0.443851988468653,0.718456183479702,0.516070810377674,"B4GALT1/HK2",2
"Metabolism","Carbohydrate metabolism","hsa00640","Propanoate metabolism","2/440","32/9434",0.443851988468653,0.718456183479702,0.516070810377674,"DLD/LDHA",2
"Cellular Processes","Transport and catabolism","hsa04136","Autophagy - other","2/440","32/9434",0.443851988468653,0.718456183479702,0.516070810377674,"ATG10/MTOR",2
NA,NA,"hsa04081","Hormone signaling","11/440","219/9434",0.444598922250431,0.718456183479702,0.516070810377674,"JAK2/PLCB4/SLC16A10/STAT5A/GNGT1/ADCY9/NPPC/STAT3/HEPHL1/SRC/ITGB3",11
"Metabolism","Carbohydrate metabolism","hsa00562","Inositol phosphate metabolism","4/440","73/9434",0.445081346369501,0.718456183479702,0.516070810377674,"PI4K2B/PLCB4/OCRL/PI4KB",4
"Human Diseases","Immune disease","hsa05320","Autoimmune thyroid disease","3/440","54/9434",0.464449169062768,0.732170036408056,0.525921542206382,"CD40/CD80/IL10",3
"Cellular Processes","Cell growth and death","hsa04115","p53 signaling pathway","4/440","75/9434",0.465890433788965,0.732170036408056,0.525921542206382,"CD82/MDM2/CASP3/BCL2L1",4
"Metabolism","Global and overview maps","hsa01200","Carbon metabolism","6/440","117/9434",0.465991833670828,0.732170036408056,0.525921542206382,"DLD/ACAT2/ACO1/PGD/DLAT/HK2",6
"Human Diseases","Neurodegenerative disease","hsa05014","Amyotrophic lateral sclerosis","18/440","371/9434",0.466346925969242,0.732170036408056,0.525921542206382,"TNFRSF1B/MAP2K3/PSMA4/XBP1/SPG11/PPP3CC/OPTN/PSMA1/TANK/CASP1/PSMA5/SQSTM1/CASP3/BCL2L1/MAP3K5/MTOR/GPX3/TNF",18
"Organismal Systems","Endocrine system","hsa04915","Estrogen signaling pathway","7/440","139/9434",0.473121249656411,0.732170036408056,0.525921542206382,"MMP2/MMP9/PLCB4/CALM3/ADCY9/MAP2K1/SRC",7
"Metabolism","Carbohydrate metabolism","hsa00051","Fructose and mannose metabolism","2/440","34/9434",0.475319726247277,0.732170036408056,0.525921542206382,"HK2/PFKFB3",2
"Organismal Systems","Environmental adaptation","hsa04710","Circadian rhythm","2/440","34/9434",0.475319726247277,0.732170036408056,0.525921542206382,"CUL1/PRKAG2",2
"Organismal Systems","Digestive system","hsa04971","Gastric acid secretion","4/440","76/9434",0.476190965137419,0.732170036408056,0.525921542206382,"KCNK2/PLCB4/CALM3/ADCY9",4
"Human Diseases","Cancer: specific types","hsa05214","Glioma","4/440","76/9434",0.476190965137419,0.732170036408056,0.525921542206382,"MDM2/CALM3/MAP2K1/MTOR",4
"Metabolism","Lipid metabolism","hsa00600","Sphingolipid metabolism","3/440","55/9434",0.476601250114678,0.732170036408056,0.525921542206382,"UGCG/B4GALT5/SGPP2",3
"Environmental Information Processing","Signal transduction","hsa04070","Phosphatidylinositol signaling system","5/440","98/9434",0.484350915085441,0.740498033640241,0.531903585898485,"PI4K2B/PLCB4/OCRL/PI4KB/CALM3",5
"Human Diseases","Cardiovascular disease","hsa05415","Diabetic cardiomyopathy","10/440","205/9434",0.488594570367864,0.743411834339621,0.533996584083739,"MMP2/MMP9/PLCB4/NFKB1/MAPK10/GFPT2/NCF1/RELA/RYR2/MTOR",10
"Human Diseases","Cancer: overview","hsa05231","Choline metabolism in cancer","5/440","99/9434",0.493348362039003,0.747070376801919,0.536624534147688,"PLD1/HIF1A/MAPK10/MAP2K1/MTOR",5
"Genetic Information Processing","Folding, sorting and degradation","hsa03018","RNA degradation","4/440","78/9434",0.496558147198801,0.748367255019994,0.537556088511548,"XRN1/PNPT1/BTG3/PATL1",4
"Cellular Processes","Cellular community - eukaryotes","hsa04550","Signaling pathways regulating pluripotency of stem cells","7/440","144/9434",0.510653048916567,0.763148633623198,0.548173629580384,"JAK2/JAK3/INHBA/JAK1/STAT3/MAP2K1/PCGF5",7
"Organismal Systems","Endocrine system","hsa04916","Melanogenesis","5/440","101/9434",0.511165594219312,0.763148633623198,0.548173629580384,"PLCB4/KIT/CALM3/ADCY9/MAP2K1",5
"Organismal Systems","Endocrine system","hsa04923","Regulation of lipolysis in adipocytes","3/440","59/9434",0.523855187714518,0.778439017258022,0.559156791608708,"PTGS2/MGLL/ADCY9",3
"Metabolism","Amino acid metabolism","hsa00360","Phenylalanine metabolism","1/440","16/9434",0.534583661515521,0.784449634630617,0.563474249304349,"IL4I1",1
"Metabolism","Metabolism of cofactors and vitamins","hsa00760","Nicotinate and nicotinamide metabolism","2/440","38/9434",0.534884730469253,0.784449634630617,0.563474249304349,"CD38/NAMPT",2
"Organismal Systems","Nervous system","hsa04730","Long-term depression","3/440","60/9434",0.535300536839132,0.784449634630617,0.563474249304349,"PLCB4/MAP2K1/LYN",3
"Genetic Information Processing","Chromosome","hsa03083","Polycomb repressive complex","4/440","83/9434",0.545901518479126,0.78978631911227,0.567307617502028,"CBX7/PHF19/RYBP/PCGF5",4
"Cellular Processes","Transport and catabolism","hsa04146","Peroxisome","4/440","83/9434",0.545901518479126,0.78978631911227,0.567307617502028,"ACSL4/ACSL1/ACSL5/SOD2",4
"Organismal Systems","Digestive system","hsa04978","Mineral absorption","3/440","61/9434",0.546588591670913,0.78978631911227,0.567307617502028,"SLC11A2/FTH1/HEPHL1",3
"Metabolism","Metabolism of cofactors and vitamins","hsa00670","One carbon pool by folate","2/440","39/9434",0.549035305927882,0.78978631911227,0.567307617502028,"MTHFD2/DLD",2
"Organismal Systems","Digestive system","hsa04972","Pancreatic secretion","5/440","106/9434",0.554523692398127,0.78978631911227,0.567307617502028,"CD38/PLCB4/RAP1B/ADCY9/RYR2",5
"Metabolism","Metabolism of other amino acids","hsa00450","Selenocompound metabolism","1/440","17/9434",0.556327470066505,0.78978631911227,0.567307617502028,"TXNRD1",1
"Metabolism","Energy metabolism","hsa00910","Nitrogen metabolism","1/440","17/9434",0.556327470066505,0.78978631911227,0.567307617502028,"CA5B",1
"Organismal Systems","Endocrine system","hsa04922","Glucagon signaling pathway","5/440","107/9434",0.562969363133713,0.795663366562315,0.571529131228144,"PLCB4/PRKAG2/PPP3CC/LDHA/CALM3",5
"Metabolism","Amino acid metabolism","hsa00310","Lysine degradation","3/440","63/9434",0.568676519811188,0.796648164316995,0.57223651657328,"DLD/DOT1L/ACAT2",3
"Metabolism","Lipid metabolism","hsa00590","Arachidonic acid metabolism","3/440","63/9434",0.568676519811188,0.796648164316995,0.57223651657328,"ALOX5/PTGS2/PTGR1",3
"Organismal Systems","Endocrine system","hsa04911","Insulin secretion","4/440","86/9434",0.57427566820656,0.800963431972308,0.575336195756342,"PLCB4/ADCY9/KCNJ11/RYR2",4
"Organismal Systems","Endocrine system","hsa04927","Cortisol synthesis and secretion","3/440","65/9434",0.59009071935799,0.812307975883587,0.583485040604894,"KCNK2/PLCB4/ADCY9",3
"Organismal Systems","Endocrine system","hsa04929","GnRH secretion","3/440","65/9434",0.59009071935799,0.812307975883587,0.583485040604894,"PLCB4/MAP2K1/KCNJ11",3
"Cellular Processes","Transport and catabolism","hsa04142","Lysosome","6/440","133/9434",0.592130938514298,0.812307975883587,0.583485040604894,"LAMP3/LIPA/SLC11A2/NCOA7/CTSL/LITAF",6
"Organismal Systems","Immune system","hsa04610","Complement and coagulation cascades","4/440","88/9434",0.592627202531422,0.812307975883587,0.583485040604894,"PLAUR/CD55/SERPINA1/SERPINB2",4
"Organismal Systems","Nervous system","hsa04727","GABAergic synapse","4/440","89/9434",0.601626247399925,0.81887845772074,0.588204651855017,"GLS/GNGT1/ADCY9/SRC",4
"Metabolism","Glycan biosynthesis and metabolism","hsa00513","Various types of N-glycan biosynthesis","2/440","43/9434",0.60257094058696,0.81887845772074,0.588204651855017,"B4GALT1/MGAT1",2
"Cellular Processes","Cellular community - eukaryotes","hsa04540","Gap junction","4/440","92/9434",0.627892770614306,0.848775623320989,0.609679941279889,"PLCB4/ADCY9/MAP2K1/SRC",4
"Metabolism","Metabolism of cofactors and vitamins","hsa00770","Pantothenate and CoA biosynthesis","1/440","21/9434",0.633626888293668,0.848775623320989,0.609679941279889,"PANK1",1
"Organismal Systems","Nervous system","hsa04725","Cholinergic synapse","5/440","116/9434",0.635085661967113,0.848775623320989,0.609679941279889,"JAK2/PLCB4/GNGT1/ADCY9/MAP2K1",5
"Cellular Processes","Cell growth and death","hsa04114","Oocyte meiosis","6/440","139/9434",0.635247164623885,0.848775623320989,0.609679941279889,"MAD1L1/CUL1/PPP3CC/CALM3/ADCY9/MAP2K1",6
"Human Diseases","Neurodegenerative disease","hsa05020","Prion disease","12/440","278/9434",0.651168929018008,0.86499636584595,0.621331384934033,"PSMA4/MAPK10/IL1A/PPP3CC/IL1B/PSMA1/IL6/PSMA5/NCF1/CASP3/RYR2/TNF",12
"Environmental Information Processing","Signal transduction","hsa04022","cGMP-PKG signaling pathway","7/440","166/9434",0.661551303026442,0.86499636584595,0.621331384934033,"ROCK1/PLCB4/PPP3CC/CALM3/ADCY9/NPPC/MAP2K1",7
"Organismal Systems","Environmental adaptation","hsa04714","Thermogenesis","10/440","235/9434",0.663003897975453,0.86499636584595,0.621331384934033,"MAP2K3/ACSL4/MGLL/PRKAG2/ADCY10/ACSL1/ADCY9/ACSL5/MAP3K5/MTOR",10
"Metabolism","Amino acid metabolism","hsa00220","Arginine biosynthesis","1/440","23/9434",0.66707949206624,0.86499636584595,0.621331384934033,"GLS",1
"Metabolism","Glycan biosynthesis and metabolism","hsa00515","Mannose type O-glycan biosynthesis","1/440","23/9434",0.66707949206624,0.86499636584595,0.621331384934033,"B4GALT1",1
"Organismal Systems","Endocrine system","hsa04614","Renin-angiotensin system","1/440","23/9434",0.66707949206624,0.86499636584595,0.621331384934033,"ANPEP",1
"Organismal Systems","Excretory system","hsa04964","Proximal tubule bicarbonate reclamation","1/440","23/9434",0.66707949206624,0.86499636584595,0.621331384934033,"GLS",1
"Organismal Systems","Digestive system","hsa04970","Salivary secretion","4/440","97/9434",0.669148132069509,0.86499636584595,0.621331384934033,"CD38/PLCB4/CALM3/ADCY9",4
"Human Diseases","Substance dependence","hsa05030","Cocaine addiction","2/440","49/9434",0.673643612075956,0.867282059271878,0.622973210400522,"NFKB1/RELA",2
"Environmental Information Processing","Signal transduction","hsa04152","AMPK signaling pathway","5/440","122/9434",0.678895085805558,0.870518698734546,0.625298105347224,"TBC1D1/PRKAG2/FOXO3/PFKFB3/MTOR",5
"Organismal Systems","Endocrine system","hsa04918","Thyroid hormone synthesis","3/440","75/9434",0.686491515917522,0.876724104665751,0.629755480676823,"PLCB4/ADCY9/GPX3",3
"Human Diseases","Infectious disease: bacterial","hsa05110","Vibrio cholerae infection","2/440","51/9434",0.694928168301177,0.883948630079097,0.634944894826759,"SEC61B/ADCY9",2
"Organismal Systems","Nervous system","hsa04723","Retrograde endocannabinoid signaling","6/440","149/9434",0.700810806949887,0.88787982713173,0.637768694099918,"PTGS2/MGLL/PLCB4/MAPK10/GNGT1/ADCY9",6
"Organismal Systems","Digestive system","hsa04973","Carbohydrate digestion and absorption","2/440","52/9434",0.705133790120114,0.889811687532525,0.6391563594656,"PLCB4/HK2",2
"Organismal Systems","Digestive system","hsa04977","Vitamin digestion and absorption","1/440","26/9434",0.71163071081782,0.894460735336232,0.642495794663894,"ABCC1",1
"Organismal Systems","Excretory system","hsa04961","Endocrine and other factor-regulated calcium reabsorption","2/440","53/9434",0.715053729094884,0.895224747449501,0.643044588535391,"PLCB4/ADCY9",2
"Metabolism","Lipid metabolism","hsa01040","Biosynthesis of unsaturated fatty acids","1/440","27/9434",0.72511736975066,0.904264014041999,0.649537540705441,"ELOVL7",1
"Metabolism","Glycan biosynthesis and metabolism","hsa00510","N-Glycan biosynthesis","2/440","55/9434",0.734054294921254,0.909596651408453,0.65336800183924,"B4GALT1/MGAT1",2
"Metabolism","Lipid metabolism","hsa00062","Fatty acid elongation","1/440","28/9434",0.737974641708745,0.909596651408453,0.65336800183924,"ELOVL7",1
"Metabolism","Glycan biosynthesis and metabolism","hsa00601","Glycosphingolipid biosynthesis - lacto and neolacto series","1/440","28/9434",0.737974641708745,0.909596651408453,0.65336800183924,"B4GALT1",1
"Organismal Systems","Nervous system","hsa04728","Dopaminergic synapse","5/440","132/9434",0.743779879828579,0.913212362106131,0.655965185624067,"PLCB4/MAPK10/PPP3CC/GNGT1/CALM3",5
"Environmental Information Processing","Signal transduction","hsa04392","Hippo signaling pathway - multiple species","1/440","29/9434",0.750231834739593,0.917591244027656,0.659110559265148,"RASSF4",1
"Cellular Processes","Transport and catabolism","hsa04145","Phagosome","6/440","159/9434",0.757989774929778,0.923527771753523,0.663374797982504,"TFRC/SEC61B/CTSL/TLR2/NCF1/ITGB3",6
"Organismal Systems","Endocrine system","hsa04914","Progesterone-mediated oocyte maturation","4/440","111/9434",0.767380370740802,0.929615197348684,0.667747427423583,"MAD1L1/MAPK10/ADCY9/MAP2K1",4
"Human Diseases","Cancer: specific types","hsa05213","Endometrial cancer","2/440","59/9434",0.768832694662591,0.929615197348684,0.667747427423583,"FOXO3/MAP2K1",2
NA,NA,"hsa04981","Folate transport and metabolism","1/440","31/9434",0.773056470406229,0.931181657534776,0.668872623916076,"ABCC1",1
"Human Diseases","Neurodegenerative disease","hsa05016","Huntington disease","12/440","311/9434",0.790925035955601,0.948978494903384,0.681656184687303,"PSMA4/SLC1A3/PLCB4/MAPK10/PSMA1/PSMA5/CASP3/MAP3K5/MTOR/TGM2/GPX3/SOD2",12
"Genetic Information Processing","Folding, sorting and degradation","hsa04130","SNARE interactions in vesicular transport","1/440","33/9434",0.793799621522957,0.948978494903384,0.681656184687303,"STX11",1
"Human Diseases","Cancer: specific types","hsa05225","Hepatocellular carcinoma","6/440","170/9434",0.811179276024045,0.963031637033487,0.691750629712898,"KEAP1/GSTO1/MAP2K1/BCL2L1/TXNRD1/MTOR",6
"Metabolism","Lipid metabolism","hsa00561","Glycerolipid metabolism","2/440","65/9434",0.813565415885918,0.963031637033487,0.691750629712898,"MGLL/GK",2
"Genetic Information Processing","Translation","hsa00970","Aminoacyl-tRNA biosynthesis","2/440","66/9434",0.820222518147001,0.963031637033487,0.691750629712898,"NARS2/WARS1",2
"Metabolism","Amino acid metabolism","hsa00350","Tyrosine metabolism","1/440","36/9434",0.821421189522578,0.963031637033487,0.691750629712898,"IL4I1",1
"Metabolism","Glycan biosynthesis and metabolism","hsa00512","Mucin type O-glycan biosynthesis","1/440","36/9434",0.821421189522578,0.963031637033487,0.691750629712898,"B4GALT5",1
NA,NA,"hsa04082","Neuroactive ligand signaling","7/440","199/9434",0.826962140627159,0.963031637033487,0.691750629712898,"SLC1A3/PLCB4/GNGT1/P2RX4/ADCY9/ADORA2B/HRH1",7
"Environmental Information Processing","Signal transduction","hsa04310","Wnt signaling pathway","6/440","174/9434",0.82809758477744,0.963031637033487,0.691750629712898,"CUL1/PSEN1/PLCB4/MAPK10/PPP3CC/RSPO2",6
"Human Diseases","Cancer: specific types","hsa05216","Thyroid cancer","1/440","37/9434",0.829781976563445,0.963031637033487,0.691750629712898,"MAP2K1",1
"Human Diseases","Substance dependence","hsa05031","Amphetamine addiction","2/440","69/9434",0.838933608216906,0.963138033659893,0.691827054962584,"PPP3CC/CALM3",2
"Organismal Systems","Endocrine system","hsa04925","Aldosterone synthesis and secretion","3/440","98/9434",0.842222708156181,0.963138033659893,0.691827054962584,"PLCB4/CALM3/ADCY9",3
"Human Diseases","Cancer: overview","hsa05204","Chemical carcinogenesis - DNA adducts","2/440","71/9434",0.850410883779127,0.963138033659893,0.691827054962584,"PTGS2/GSTO1",2
"Metabolism","Carbohydrate metabolism","hsa00500","Starch and sucrose metabolism","1/440","40/9434",0.852592774114425,0.963138033659893,0.691827054962584,"HK2",1
"Human Diseases","Endocrine and metabolic disease","hsa04934","Cushing syndrome","5/440","155/9434",0.855384371443653,0.963138033659893,0.691827054962584,"KCNK2/PLCB4/RAP1B/ADCY9/MAP2K1",5
"Metabolism","Amino acid metabolism","hsa00260","Glycine, serine and threonine metabolism","1/440","41/9434",0.859497093828035,0.963138033659893,0.691827054962584,"DLD",1
"Genetic Information Processing","Replication and repair","hsa03440","Homologous recombination","1/440","41/9434",0.859497093828035,0.963138033659893,0.691827054962584,"NBN",1
"Human Diseases","Cancer: specific types","hsa05218","Melanoma","2/440","73/9434",0.86113962031605,0.963138033659893,0.691827054962584,"MDM2/MAP2K1",2
"Organismal Systems","Development and regeneration","hsa04360","Axon guidance","6/440","184/9434",0.865129588705914,0.963138033659893,0.691827054962584,"ROCK1/SEMA3C/PPP3CC/LIMK2/SEMA4D/SRC",6
"Environmental Information Processing","Signal transduction","hsa04150","mTOR signaling pathway","5/440","158/9434",0.866429665519338,0.963138033659893,0.691827054962584,"FNIP2/SLC7A5/MAP2K1/MTOR/TNF",5
"Metabolism","Global and overview maps","hsa01230","Biosynthesis of amino acids","2/440","75/9434",0.87116057716269,0.963138033659893,0.691827054962584,"ASNS/ACO1",2
"Organismal Systems","Digestive system","hsa04975","Fat digestion and absorption","1/440","43/9434",0.872352721732723,0.963138033659893,0.691827054962584,"ACAT2",1
"Organismal Systems","Digestive system","hsa04974","Protein digestion and absorption","3/440","105/9434",0.873956679693026,0.963138033659893,0.691827054962584,"SLC16A10/SLC7A7/COL24A1",3
"Genetic Information Processing","Transcription","hsa03022","Basal transcription factors","1/440","44/9434",0.878333426922544,0.963138033659893,0.691827054962584,"TAF3",1
"Genetic Information Processing","Replication and repair","hsa03410","Base excision repair","1/440","44/9434",0.878333426922544,0.963138033659893,0.691827054962584,"XRCC1",1
"Organismal Systems","Excretory system","hsa04962","Vasopressin-regulated water reabsorption","1/440","44/9434",0.878333426922544,0.963138033659893,0.691827054962584,"ADCY9",1
"Environmental Information Processing","Membrane transport","hsa02010","ABC transporters","1/440","45/9434",0.884034522998591,0.966058344720109,0.693924729573862,"ABCC1",1
"Metabolism","Glycan biosynthesis and metabolism","hsa00514","Other types of O-glycan biosynthesis","1/440","47/9434",0.894649456069433,0.974310024075616,0.699851953738526,"B4GALT1",1
"Metabolism","Lipid metabolism","hsa00565","Ether lipid metabolism","1/440","50/9434",0.908781733728595,0.986322837289056,0.708480819899785,"PLD1",1
"Organismal Systems","Sensory system","hsa04742","Taste transduction","2/440","86/9434",0.915323364073663,0.986466229996778,0.708583819626947,"PLCB4/PDE1A",2
"Organismal Systems","Circulatory system","hsa04260","Cardiac muscle contraction","2/440","87/9434",0.918542121250256,0.986466229996778,0.708583819626947,"CACNA2D3/RYR2",2
"Human Diseases","Cancer: specific types","hsa05224","Breast cancer","4/440","148/9434",0.919706365577423,0.986466229996778,0.708583819626947,"NFKB2/KIT/MAP2K1/MTOR",4
"Cellular Processes","Cell motility","hsa04810","Regulation of actin cytoskeleton","7/440","232/9434",0.921322233676236,0.986466229996778,0.708583819626947,"ROCK1/ITGB8/VAV2/MAP2K1/LIMK2/SRC/ITGB3",7
"Genetic Information Processing","Replication and repair","hsa03460","Fanconi anemia pathway","1/440","55/9434",0.928257253970912,0.990556398532718,0.711521808942733,"RMI2",1
"Environmental Information Processing","Signal transduction","hsa04340","Hedgehog signaling pathway","1/440","56/9434",0.931622944156731,0.990823064353981,0.711713356387997,"CUL1",1
"Environmental Information Processing","Signal transduction","hsa04390","Hippo signaling pathway","4/440","157/9434",0.939438638425269,0.995804956730785,0.715291875572924,"BIRC3/BIRC2/TP53BP2/DLG2",4
"Metabolism","Metabolism of cofactors and vitamins","hsa00830","Retinol metabolism","1/440","68/9434",0.961600880073297,0.999999447565445,0.718304800138039,"ALDH1A2",1
"Metabolism","Xenobiotics biodegradation and metabolism","hsa00982","Drug metabolism - cytochrome P450","1/440","73/9434",0.969813549350904,0.999999447565445,0.718304800138039,"GSTO1",1
"Human Diseases","Cancer: specific types","hsa05226","Gastric cancer","3/440","150/9434",0.973696600734628,0.999999447565445,0.718304800138039,"MAP2K1/JUP/MTOR",3
"Human Diseases","Infectious disease: bacterial","hsa05100","Bacterial invasion of epithelial cells","1/440","78/9434",0.976272846930216,0.999999447565445,0.718304800138039,"SRC",1
"Metabolism","Xenobiotics biodegradation and metabolism","hsa00980","Metabolism of xenobiotics by cytochrome P450","1/440","79/9434",0.977388702782151,0.999999447565445,0.718304800138039,"GSTO1",1
"Organismal Systems","Nervous system","hsa04721","Synaptic vesicle cycle","1/440","79/9434",0.977388702782151,0.999999447565445,0.718304800138039,"SLC1A3",1
"Cellular Processes","Cell growth and death","hsa04110","Cell cycle","3/440","158/9434",0.980438123782915,0.999999447565445,0.718304800138039,"MAD1L1/CUL1/MDM2",3
"Organismal Systems","Digestive system","hsa04976","Bile secretion","1/440","90/9434",0.986693848133888,0.999999447565445,0.718304800138039,"ADCY9",1
"Genetic Information Processing","Transcription","hsa03040","Spliceosome","5/440","235/9434",0.986979564627845,0.999999447565445,0.718304800138039,"PRPF6/PRPF40B/PRPF3/RBM17/U2SURP",5
NA,NA,"hsa04382","Cornified envelope formation","4/440","217/9434",0.992178376495886,0.999999447565445,0.718304800138039,"UGCG/S100A9/JUP/LAMB3",4
"Human Diseases","Infectious disease: bacterial","hsa05150","Staphylococcus aureus infection","1/440","102/9434",0.992543609926337,0.999999447565445,0.718304800138039,"IL10",1
"Metabolism","Lipid metabolism","hsa00564","Glycerophospholipid metabolism","1/440","103/9434",0.99289517568206,0.999999447565445,0.718304800138039,"PLD1",1
"Genetic Information Processing","Translation","hsa03013","Nucleocytoplasmic transport","1/440","108/9434",0.994419894543218,0.999999447565445,0.718304800138039,"TNPO3",1
"Genetic Information Processing","Chromosome","hsa03082","ATP-dependent chromatin remodeling","1/440","117/9434",0.996388751091665,0.999999447565445,0.718304800138039,"H2AC6",1
"Metabolism","Energy metabolism","hsa00190","Oxidative phosphorylation","1/440","138/9434",0.998693937040567,0.999999447565445,0.718304800138039,"PPA1",1
"Environmental Information Processing","Signaling molecules and interaction","hsa04080","Neuroactive ligand-receptor interaction","7/440","370/9434",0.99877202422682,0.999999447565445,0.718304800138039,"P2RX7/NR3C1/PTGER2/P2RX4/PTGIR/ADORA2B/HRH1",7
"Cellular Processes","Cell motility","hsa04814","Motor proteins","2/440","197/9434",0.999196394504427,0.999999447565445,0.718304800138039,"MYO1G/DYNLT1",2
"Organismal Systems","Sensory system","hsa04740","Olfactory transduction","4/440","453/9434",0.999999447565445,0.999999447565445,0.718304800138039,"ANO2/PDE1A/CALM3/OR3A2",4
